{
  "corrected_texts": [
    "Barbara June Caulder",
    "Christopher Dixon Chapman",
    "Boyce Mary Chapman",
    "William Fred Chapman",
    "Jerry Earl Cheek",
    "Jimmy Dean Cheek",
    "Betty Jo Childers",
    "Grady Eugene Childers",
    "Judy Ann Childers",
    "Kenneth Cline",
    "Al Junious Le Cresencio Tye Morse Thad Soares",
    "Willene Faye Clark"
  ],
  "rec_boxes": [
    [
      19,
      600,
      431,
      686
    ],
    [
      1085,
      627,
      1586,
      690
    ],
    [
      621,
      631,
      944,
      678
    ],
    [
      1688,
      649,
      2061,
      703
    ],
    [
      83,
      1364,
      400,
      1427
    ],
    [
      1167,
      1392,
      1498,
      1443
    ],
    [
      1712,
      1395,
      2015,
      1441
    ],
    [
      12,
      2118,
      438,
      2174
    ],
    [
      617,
      2123,
      944,
      2174
    ],
    [
      621,
      2944,
      885,
      2990
    ],
    [
      1075,
      2916,
      2151,
      2993
    ],
    [
      0,
      2946,
      360,
      3002
    ]
  ],
  "rec_scores": [
    0.9736723899841309,
    0.9835558533668518,
    0.9732029438018799,
    0.9898187518119812,
    0.9896903038024902,
    0.9837561845779419,
    0.9633558988571167,
    0.9720266461372375,
    0.9810539484024048,
    0.9947726130485535,
    0.9002740979194641,
    0.95893394947052
  ]
}