{
  "corrected_texts": [
    "Patsy Leigh Austin",
    "Deanna Lamarr Baker",
    "Patricio Marian Ball",
    "Monty Buford Barbee",
    "Suzanne Barger",
    "Clarence Calvin Bernhardt, Jr.",
    "Nancy Jo Bernhardt",
    "Charlotte Elaine Baxter",
    "Ronnie Earle Beam",
    "Thamos Merle Beam",
    "Barbara Lee Beaver",
    "Rannie Hugh Beasley",
    "Soundra Loretto Beaver",
    "Fisher Jones Beasley, 11L"
  ],
  "rec_boxes": [
    [
      102,
      594,
      500,
      683
    ],
    [
      679,
      644,
      1053,
      689
    ],
    [
      1261,
      641,
      1616,
      688
    ],
    [
      1794,
      640,
      2152,
      686
    ],
    [
      163,
      1402,
      452,
      1455
    ],
    [
      1696,
      1409,
      2232,
      1469
    ],
    [
      119,
      2174,
      481,
      2218
    ],
    [
      640,
      2172,
      1065,
      2214
    ],
    [
      1247,
      2170,
      1587,
      2213
    ],
    [
      1795,
      2173,
      2144,
      2211
    ],
    [
      1234,
      2926,
      1592,
      2970
    ],
    [
      652,
      2929,
      1040,
      2983
    ],
    [
      1756,
      2934,
      2180,
      2987
    ],
    [
      9,
      2943,
      511,
      3003
    ]
  ],
  "rec_scores": [
    0.9647972583770752,
    0.9568343162536621,
    0.9305648803710938,
    0.9580879211425781,
    0.9904285073280334,
    0.9539670348167419,
    0.9829504489898682,
    0.9671449065208435,
    0.9526469111442566,
    0.9319287538528442,
    0.9372386932373047,
    0.9915836453437805,
    0.9016091823577881,
    0.8948975205421448
  ]
}