{
  "corrected_texts": [
    "Judy Gail Absher",
    "James Nathaniel Albright, Jr.",
    "Janice Margaret Allen",
    "Paulette Allen",
    "James Edwin Alley",
    "Rebecca Elizabeth Allman",
    "Glenna Janel Anderson",
    "Harald Curtis Argo",
    "Sandra Gayle Argo",
    "Steven Fredrick Argo",
    "Columbus James Armstrong, Jr.",
    "George Mitchell Arnette",
    "Patricia Janes Artz",
    "David Allen Armstrong",
    "Sylvia Freeman Ashby"
  ],
  "rec_boxes": [
    [
      73,
      548,
      406,
      632
    ],
    [
      545,
      584,
      1050,
      627
    ],
    [
      1147,
      586,
      1537,
      640
    ],
    [
      1768,
      594,
      2033,
      638
    ],
    [
      67,
      1345,
      419,
      1406
    ],
    [
      570,
      1361,
      1024,
      1412
    ],
    [
      1143,
      1372,
      1549,
      1419
    ],
    [
      1727,
      1373,
      2055,
      1420
    ],
    [
      79,
      2133,
      416,
      2178
    ],
    [
      602,
      2128,
      972,
      2183
    ],
    [
      1611,
      2141,
      2147,
      2184
    ],
    [
      587,
      2905,
      999,
      2949
    ],
    [
      1170,
      2905,
      1521,
      2948
    ],
    [
      24,
      2911,
      441,
      2963
    ],
    [
      1695,
      2909,
      2072,
      2957
    ]
  ],
  "rec_scores": [
    0.9675604701042175,
    0.9549171328544617,
    0.9751120209693909,
    0.9874668121337891,
    0.995810329914093,
    0.9668547511100769,
    0.9578116536140442,
    0.9755026698112488,
    0.9741017818450928,
    0.9664551615715027,
    0.939706563949585,
    0.9688009023666382,
    0.9691497683525085,
    0.9868550300598145,
    0.9481430053710938
  ]
}