{
  "corrected_texts": [
    "Martha Anne Brawn",
    "Haward Edwin Bruce",
    "Karen Lane Bumgarner",
    "Eddie Ray Burr",
    "Gwendalyn Carole Butler",
    "Jerry Lee Byerly",
    "Johnny Ray Campbell",
    "William Jeffrey Carnes",
    "William Edwin Carrier",
    "Harald Lee Barringer",
    "Sharran Joan Carrington",
    "Gary Nesbit Carter",
    "Harald Steven Carter",
    "James Edward Carter",
    "Ranald Dean Cauble"
  ],
  "rec_boxes": [
    [
      177,
      619,
      560,
      709
    ],
    [
      752,
      660,
      1114,
      708
    ],
    [
      1297,
      672,
      1691,
      737
    ],
    [
      1889,
      691,
      2155,
      752
    ],
    [
      118,
      1388,
      586,
      1455
    ],
    [
      765,
      1414,
      1060,
      1473
    ],
    [
      1283,
      1432,
      1651,
      1489
    ],
    [
      1804,
      1440,
      2194,
      1491
    ],
    [
      133,
      2137,
      532,
      2198
    ],
    [
      705,
      2155,
      1076,
      2209
    ],
    [
      1787,
      2188,
      2203,
      2243
    ],
    [
      111,
      2902,
      474,
      2951
    ],
    [
      676,
      2906,
      1047,
      2961
    ],
    [
      1248,
      2931,
      1628,
      2986
    ],
    [
      1808,
      2947,
      2168,
      2999
    ]
  ],
  "rec_scores": [
    0.9698126316070557,
    0.9943764209747314,
    0.9916812181472778,
    0.9926704168319702,
    0.9695684313774109,
    0.9859911203384399,
    0.975273609161377,
    0.9803203344345093,
    0.9428353905677795,
    0.9760626554489136,
    0.9837203025817871,
    0.9665930271148682,
    0.9688725471496582,
    0.9855524301528931,
    0.951538622379303
  ]
}