{
  "corrected_texts": [
    "Babby Ray Belk",
    "Larry Warren Belk",
    "Patricia Ann Benton",
    "Linda Kay Biggers",
    "Charles Ross Biggerstaff",
    "Judy Ann Binkley",
    "Harald Wilson Blackerby, J.",
    "William Gary Blalack",
    "Daniel Virgil Balick",
    "Karen Sue Brantley",
    "Myra Suzanne Braswell",
    "Steve Wayne Brinkley",
    "Dennis Harald Broome",
    "Caral Sue Brawn",
    "Danita Caral Brigman"
  ],
  "rec_boxes": [
    [
      102,
      689,
      398,
      756
    ],
    [
      637,
      704,
      955,
      752
    ],
    [
      1170,
      702,
      1533,
      758
    ],
    [
      1736,
      706,
      2083,
      756
    ],
    [
      9,
      1461,
      473,
      1518
    ],
    [
      636,
      1463,
      942,
      1519
    ],
    [
      1089,
      1469,
      1597,
      1517
    ],
    [
      1699,
      1465,
      2081,
      1516
    ],
    [
      71,
      2209,
      435,
      2256
    ],
    [
      628,
      2209,
      956,
      2257
    ],
    [
      1676,
      2214,
      2077,
      2259
    ],
    [
      603,
      2942,
      974,
      2991
    ],
    [
      1144,
      2938,
      1540,
      2979
    ],
    [
      1741,
      2930,
      2023,
      2975
    ],
    [
      48,
      2944,
      435,
      2999
    ]
  ],
  "rec_scores": [
    0.9485877156257629,
    0.95534348487854,
    0.9731715321540833,
    0.9869589805603027,
    0.9671321511268616,
    0.9642713665962219,
    0.9419131875038147,
    0.9649902582168579,
    0.970241367816925,
    0.9675621390342712,
    0.9549142718315125,
    0.9547250866889954,
    0.9308444261550903,
    0.9804760217666626,
    0.9845701456069946
  ]
}