{
  "page031": [
    {
      "orig_texts": [
        "Judy Gail Absher",
        "James Nathaniel Albright, Jr.",
        "Janice Margaret Allen",
        "Paulette Allen",
        "James Edwin Alley",
        "Rebecca Elizabeth Allman",
        "Glenna Janel Andersan",
        "Harald Curtis Arga",
        "Sandra Gayle Arga",
        "Steven Fredrick Arga",
        "Calumbus Jomes Armstrang, Jr.",
        "Gearge Mitchell Arnette",
        "Patricig Janes Artz",
        "David Allen Armstrong",
        "Sylvia Freeman Ashby"
      ],
      "rec_boxes": [
        [
          73,
          548,
          406,
          632
        ],
        [
          545,
          584,
          1050,
          627
        ],
        [
          1147,
          586,
          1537,
          640
        ],
        [
          1768,
          594,
          2033,
          638
        ],
        [
          67,
          1345,
          419,
          1406
        ],
        [
          570,
          1361,
          1024,
          1412
        ],
        [
          1143,
          1372,
          1549,
          1419
        ],
        [
          1727,
          1373,
          2055,
          1420
        ],
        [
          79,
          2133,
          416,
          2178
        ],
        [
          602,
          2128,
          972,
          2183
        ],
        [
          1611,
          2141,
          2147,
          2184
        ],
        [
          587,
          2905,
          999,
          2949
        ],
        [
          1170,
          2905,
          1521,
          2948
        ],
        [
          24,
          2911,
          441,
          2963
        ],
        [
          1695,
          2909,
          2072,
          2957
        ]
      ],
      "rec_scores": [
        0.9675604701042175,
        0.9549171328544617,
        0.9751120209693909,
        0.9874668121337891,
        0.995810329914093,
        0.9668547511100769,
        0.9578116536140442,
        0.9755026698112488,
        0.9741017818450928,
        0.9664551615715027,
        0.939706563949585,
        0.9688009023666382,
        0.9691497683525085,
        0.9868550300598145,
        0.9481430053710938
      ]
    }
  ],
  "page032": [
    {
      "orig_texts": [
        "Patsy Leigh Austin",
        "Deanna Lamarr Baker",
        "Patricio Marian Ball",
        "Monty Buford Barbee",
        "Suzanne Barger",
        "Clarence Calvin Bornhardt, Jr.",
        "Nancy Jo Bornhardt",
        "Charlatte Elaine Baxter",
        "Ronnie Earle Beam",
        "Thamos Merle Beam",
        "Borbora Lee Beover",
        "Rannie Hugh Beasley",
        "Soundra Loretto Beaver",
        "Fisher Jones Beosley, 11l"
      ],
      "rec_boxes": [
        [
          102,
          594,
          500,
          683
        ],
        [
          679,
          644,
          1053,
          689
        ],
        [
          1261,
          641,
          1616,
          688
        ],
        [
          1794,
          640,
          2152,
          686
        ],
        [
          163,
          1402,
          452,
          1455
        ],
        [
          1696,
          1409,
          2232,
          1469
        ],
        [
          119,
          2174,
          481,
          2218
        ],
        [
          640,
          2172,
          1065,
          2214
        ],
        [
          1247,
          2170,
          1587,
          2213
        ],
        [
          1795,
          2173,
          2144,
          2211
        ],
        [
          1234,
          2926,
          1592,
          2970
        ],
        [
          652,
          2929,
          1040,
          2983
        ],
        [
          1756,
          2934,
          2180,
          2987
        ],
        [
          9,
          2943,
          511,
          3003
        ]
      ],
      "rec_scores": [
        0.9647972583770752,
        0.9568343162536621,
        0.9305648803710938,
        0.9580879211425781,
        0.9904285073280334,
        0.9539670348167419,
        0.9829504489898682,
        0.9671449065208435,
        0.9526469111442566,
        0.9319287538528442,
        0.9372386932373047,
        0.9915836453437805,
        0.9016091823577881,
        0.8948975205421448
      ]
    }
  ],
  "page033": [
    {
      "orig_texts": [
        "Babby Ray Belk",
        "Larry Warren Belk",
        "Patricia Ann Bentan",
        "Linda Kay Biggers",
        "Charles Rass Biggerstaff",
        "Judy Ann Binkley",
        "Haraid WiIsan Blackerby, J.",
        "William Gary Blalack",
        "Daniel Virgil Balick",
        "Karen Sue Brantley",
        "Myra Suzanne Braswell",
        "Steve Wayne Brinkley",
        "Dennis Harald Braame",
        "Caral Sue Brawn",
        "Danita Caral Brigman"
      ],
      "rec_boxes": [
        [
          102,
          689,
          398,
          756
        ],
        [
          637,
          704,
          955,
          752
        ],
        [
          1170,
          702,
          1533,
          758
        ],
        [
          1736,
          706,
          2083,
          756
        ],
        [
          9,
          1461,
          473,
          1518
        ],
        [
          636,
          1463,
          942,
          1519
        ],
        [
          1089,
          1469,
          1597,
          1517
        ],
        [
          1699,
          1465,
          2081,
          1516
        ],
        [
          71,
          2209,
          435,
          2256
        ],
        [
          628,
          2209,
          956,
          2257
        ],
        [
          1676,
          2214,
          2077,
          2259
        ],
        [
          603,
          2942,
          974,
          2991
        ],
        [
          1144,
          2938,
          1540,
          2979
        ],
        [
          1741,
          2930,
          2023,
          2975
        ],
        [
          48,
          2944,
          435,
          2999
        ]
      ],
      "rec_scores": [
        0.9485877156257629,
        0.95534348487854,
        0.9731715321540833,
        0.9869589805603027,
        0.9671321511268616,
        0.9642713665962219,
        0.9419131875038147,
        0.9649902582168579,
        0.970241367816925,
        0.9675621390342712,
        0.9549142718315125,
        0.9547250866889954,
        0.9308444261550903,
        0.9804760217666626,
        0.9845701456069946
      ]
    }
  ],
  "page034": [
    {
      "orig_texts": [
        "Martha Anne Brawn",
        "Haward Edwin Bruce",
        "Karen Lane Bumgarner",
        "Eddie Ray Burr",
        "Gwendalyn Carale Butler",
        "Jerry Lee Byerly",
        "Jahnny Ray Campbell",
        "William Jeffrey Carnes",
        "William Edwin Carrier",
        "Harald Lee Carringer",
        "Sharran Jaan Carringtan",
        "Gary Nesbit Carter",
        "Harald Steven Carter",
        "James Edward Carter",
        "Ranald Dean Cauble"
      ],