{
    "input_path": "output\\yearbook2\\preproc\\page071.png",
    "page_index": null,
    "model_settings": {
        "use_doc_preprocessor": true,
        "use_textline_orientation": true
    },
    "doc_preprocessor_res": {
        "input_path": null,
        "page_index": null,
        "model_settings": {
            "use_doc_orientation_classify": false,
            "use_doc_unwarping": false
        },
        "angle": -1
    },
    "dt_polys": [
        [
            [
                1181,
                989
            ],
            [
                1400,
                1057
            ],
            [
                1340,
                1249
            ],
            [
                1121,
                1181
            ]
        ],
        [
            [
                1078,
                1028
            ],
            [
                1227,
                1116
            ],
            [
                1137,
                1268
            ],
            [
                988,
                1180
            ]
        ],
        [
            [
                399,
                1273
            ],
            [
                786,
                1309
            ],
            [
                723,
                1985
            ],
            [
                336,
                1948
            ]
        ],
        [
            [
                703,
                2268
            ],
            [
                1283,
                2272
            ],
            [
                1282,
                2383
            ],
            [
                702,
                2378
            ]
        ]
    ],
    "text_det_params": {
        "limit_side_len": 64,
        "limit_type": "min",
        "thresh": 0.3,
        "max_side_limit": 4000,
        "box_thresh": 0.6,
        "unclip_ratio": 1.5
    },
    "text_type": "general",
    "textline_orientation_angles": [
        0,
        0,
        0,
        0
    ],
    "text_rec_score_thresh": 0.0,
    "rec_texts": [
        "石",
        "−",
        "=",
        "ACTIVITIES"
    ],
    "rec_scores": [
        0.1358373612165451,
        0.3081417381763458,
        0.2444920390844345,
        0.9959268569946289
    ],
    "rec_polys": [
        [
            [
                1181,
                989
            ],
            [
                1400,
                1057
            ],
            [
                1340,
                1249
            ],
            [
                1121,
                1181
            ]
        ],
        [
            [
                1078,
                1028
            ],
            [
                1227,
                1116
            ],
            [
                1137,
                1268
            ],
            [
                988,
                1180
            ]
        ],
        [
            [
                399,
                1273
            ],
            [
                786,
                1309
            ],
            [
                723,
                1985
            ],
            [
                336,
                1948
            ]
        ],
        [
            [
                703,
                2268
            ],
            [
                1283,
                2272
            ],
            [
                1282,
                2383
            ],
            [
                702,
                2378
            ]
        ]
    ],
    "rec_boxes": [
        [
            1121,
            989,
            1400,
            1249
        ],
        [
            988,
            1028,
            1227,
            1268
        ],
        [
            336,
            1273,
            786,
            1985
        ],
        [
            702,
            2268,
            1283,
            2383
        ]
    ]
}